                  epoch,         train/box_loss,         train/cls_loss,         train/dfl_loss,   metrics/precision(B),      metrics/recall(B),       metrics/mAP50(B),    metrics/mAP50-95(B),           val/box_loss,           val/cls_loss,           val/dfl_loss,                 lr/pg0,                 lr/pg1,                 lr/pg2
                      1,                 2.2829,                 4.3891,                 4.0007,                0.43276,                0.07037,                0.16806,                0.08751,                 1.5977,                 3.8424,                 3.6151,             0.00033114,             0.00033114,             0.00033114
                      2,                 1.7707,                 3.3489,                 3.1999,                0.14942,                0.72552,                0.15966,                0.09796,                 1.6447,                 4.9512,                 3.2051,             0.00059869,             0.00059869,             0.00059869
                      3,                 1.5937,                  3.084,                 2.6981,                0.19959,                0.84335,                0.26474,                0.16815,                  1.355,                 2.9512,                 2.5848,             0.00080024,             0.00080024,             0.00080024
                      4,                 1.4452,                  2.943,                 2.4464,                0.23938,                0.65626,                0.26755,                0.16082,                 1.3927,                 3.0005,                 2.3987,               0.000703,               0.000703,               0.000703
                      5,                 1.3981,                  2.838,                 2.3169,                0.19762,                0.80669,                0.28186,                0.18743,                 1.2429,                 2.7383,                 2.2776,               0.000703,               0.000703,               0.000703
